annotation_id,comparison_id,skywork_score_a,skywork_score_b,score_gap_abs,diverging_score
SV1_0001,ed5b32fe0f0b48e5817afdd6bf42b597,6.609375,15.0546875,8.4453125,-8.4453125
SV1_0002,f1a9c47d744a4e9baf60f6c443cc4a37,-6.92578125,-0.62109375,6.3046875,-6.3046875
SV1_0003,d79570bebf3045c3a2a300712c47a51f,-3.05859375,-5.1640625,2.10546875,-2.10546875
SV1_0004,24f63f0c147549d095a181cd5b823ff9,-17.234375,11.0234375,28.2578125,-28.2578125
SV1_0005,70bfc7928b684497bbf491318f009011,-10.75,-1.9912109375,8.7587890625,-8.7587890625
SV1_0006,aba120a264464859a1978bcaf88b4410,3.484375,8.7109375,5.2265625,-5.2265625
SV1_0007,586e1d080f844adf88b1082b8065d51b,-16.15625,-8.6953125,7.4609375,-7.4609375
SV1_0008,903108c635c94e32a42c30459f9fc3db,-7.3359375,-4.421875,2.9140625,-2.9140625
SV1_0009,0d134c4614a546708b21ed6e46f16f26,8.9609375,15.1640625,6.203125,-6.203125
SV1_0010,5dc2271c8b3e49cd8f17ae56eaa6bd47,-19.140625,-23.265625,4.125,-4.125
SV1_0011,97d04f49f44b4676b0078756deb5c8b2,-1.962890625,7.109375,9.072265625,-9.072265625
SV1_0012,a690637cba32476388a04f97f9dd7476,16.171875,-13.484375,29.65625,-29.65625
SV1_0013,752eb8688b6145e9904f063cdae3efa7,0.92626953125,7.9609375,7.03466796875,-7.03466796875
SV1_0014,6e853ff977b547558003fcd92b85307e,-10.484375,-9.78125,0.703125,-0.703125
SV1_0015,cb0f60a34b5341c6b4c58dc9db9f1937,-4.890625,-2.46875,2.421875,-2.421875
SV1_0016,a02cfc19add84676a69b23d2be3f5041,-6.84765625,1.787109375,8.634765625,-8.634765625
SV1_0017,e29cf1bf283b41c4add03785dad3b3eb,4.0,6.1484375,2.1484375,-2.1484375
SV1_0018,88fd8711b9c249ff83ee081687fc0eb4,-7.2890625,-2.361328125,4.927734375,-4.927734375
SV1_0019,8bc665a628f9442787bc5110aea5b700,-8.734375,-3.375,5.359375,-5.359375
SV1_0020,e7d9b317559844cb989edb3b3b5239ee,-6.4765625,-1.1513671875,5.3251953125,-5.3251953125
SV1_0021,f16d4746f0cf4271af8163299d42d749,2.654296875,3.61328125,0.958984375,-0.958984375
SV1_0022,76b7dc525b694f1ea00adaacdb0e9dda,3.353515625,4.65625,1.302734375,-1.302734375
SV1_0023,82a5e4e7b66148e884f160aefe6d4291,-3.1953125,5.66015625,8.85546875,-8.85546875
SV1_0024,7cb83e63b0234a3d986ab151bb01b694,-7.75390625,-8.40625,0.65234375,-0.65234375
SV1_0025,b1657646cd214a168f6d3dd6cdabbaac,-2.2265625,-8.609375,6.3828125,-6.3828125
SV1_0026,597dca31cfa448ff93d2ddfd192e4052,3.603515625,0.30615234375,3.29736328125,-3.29736328125
SV1_0027,a5ce90208a444088936092e8fcb9293a,-2.46484375,2.666015625,5.130859375,-5.130859375
SV1_0028,9f4b0d4fbdff441dbad4b7aaf539c5c9,2.078125,1.57421875,0.50390625,-0.50390625
SV1_0029,3958e2ffc68d490695df341007faa9ab,-8.34375,-3.447265625,4.896484375,-4.896484375
SV1_0030,63ba9eb11c2b4a5590c049b2972c2060,1.2958984375,8.1640625,6.8681640625,-6.8681640625
SV1_0031,4f48248ba9af4c81a3db285da98fd355,-3.1953125,23.28125,26.4765625,-26.4765625
SV1_0032,32ab634051a24902bad71d9cdcb01a14,-8.578125,11.4296875,20.0078125,-20.0078125
SV1_0033,6b23fccb35cb432fa485e35c7e34d896,-6.328125,3.248046875,9.576171875,-9.576171875
SV1_0034,e5a91a68e6004af5a05883e9c8f073f6,-7.07421875,1.7197265625,8.7939453125,-8.7939453125
SV1_0035,90b3602039114964be508a1b126ff307,-5.16796875,-0.6640625,4.50390625,-4.50390625
SV1_0036,771eb1f7b6c54fd7889447f9a6786eb6,-4.1640625,-4.828125,0.6640625,-0.6640625
SV1_0037,1e924f9789a24029b8119e534267ccae,-7.30078125,3.080078125,10.380859375,-10.380859375
SV1_0038,88bb8e4e149d4a568f6c4fdc48eed793,-21.09375,-15.2109375,5.8828125,-5.8828125
SV1_0039,c021978630514ff5bd47a50d32b4d122,1.8505859375,-1.2119140625,3.0625,-3.0625
SV1_0040,59ff00edd37f42a1bfd32d0247385fef,-14.7265625,-8.71875,6.0078125,-6.0078125
SV1_0041,072eb8e42c334118bdf06b64cf498e90,-15.4921875,-11.2265625,4.265625,-4.265625
SV1_0042,e54f59addc64489bba3131ef8ee15fdd,1.908203125,-20.125,22.033203125,-22.033203125
SV1_0043,ba4f2950d9504bc3ae60ac7d7eee9aec,-11.9375,16.96875,28.90625,-28.90625
SV1_0044,e0a73e85c3c948c4a35ff2be74b7c916,-6.171875,-10.109375,3.9375,-3.9375
SV1_0045,f3cb2a8c53814dae918340ad0f513f7f,-17.640625,-18.1875,0.546875,-0.546875
SV1_0046,9165ece836054f509863b499e4e87ab4,-9.21875,3.775390625,12.994140625,-12.994140625
SV1_0047,d273ca7ae3fe4354aaa74763888b793f,-11.5859375,-2.986328125,8.599609375,-8.599609375
SV1_0048,c2f2ec3543d8495083f90d27c9bb7d0a,5.6875,-5.75390625,11.44140625,-11.44140625
SV1_0049,c7610e8384d944518f188e729696dc6c,-2.056640625,-12.671875,10.615234375,-10.615234375
SV1_0050,9fdef97c8063496a8fcedf27ed86d352,9.0546875,3.765625,5.2890625,-5.2890625
SV1_0051,968f221a7059402eb21de1736518fc9d,-6.7265625,1.82421875,8.55078125,-8.55078125
SV1_0052,0ceaaf73aced4d55a73e2bc578822064,-17.15625,-6.60546875,10.55078125,-10.55078125
SV1_0053,09e8a91009fa4da6b8641d6db7ad3b71,-4.04296875,5.5859375,9.62890625,-9.62890625
SV1_0054,350736ba1b384e95a6eb3f777c9757a5,2.19140625,-0.0791015625,2.2705078125,-2.2705078125
SV1_0055,4a23f1aafa4648f0b392fba8ca6bd667,16.03125,20.75,4.71875,-4.71875
SV1_0056,13e9c6201a4d4f9f87971e21c84c1e1e,-6.84375,15.7890625,22.6328125,-22.6328125
SV1_0057,a8221fae0ca04c818f981207650e7547,-7.0078125,-6.25390625,0.75390625,-0.75390625
SV1_0058,c7df61c09b6d42adaab0715cfccad89c,-25.125,-11.484375,13.640625,-13.640625
SV1_0059,20d705c7e9e24867a68a4d9bc771f56c,-6.69140625,-2.19140625,4.5,-4.5
SV1_0060,e14c126fe6864eb3b3eed9134114dc75,-13.0546875,12.1875,25.2421875,-25.2421875
SV1_0061,34cb51c82f3e4d89a460ba5c33cedfac,-25.671875,4.01953125,29.69140625,-29.69140625
SV1_0062,3d99d0c8ccee424e94cbfcefa6462c68,-12.640625,-17.921875,5.28125,-5.28125
SV1_0063,e6fb6980c9494e3d895f025c143accca,-13.296875,3.205078125,16.501953125,-16.501953125
SV1_0064,04c597d8dbd24517a49d671c0eb5e7f9,-2.373046875,13.8828125,16.255859375,-16.255859375
SV1_0065,6b0f84cd78024785aeed703e72d9f497,-17.515625,-23.0,5.484375,-5.484375
SV1_0066,9cf116dcc4b04ad1b037e34da8bb81dc,-6.0859375,-2.568359375,3.517578125,-3.517578125
SV1_0067,e7cfc4431ebf4954b700bc4854363a8a,-2.51953125,5.421875,7.94140625,-7.94140625
SV1_0068,6050bb44f552412cad599e3d3de1ca2d,-11.4921875,-1.2255859375,10.2666015625,-10.2666015625
SV1_0069,16117d07bc0748ed96cf837c54fa6d95,11.453125,-3.40625,14.859375,-14.859375
SV1_0070,38a43ca3d3f84d328242fa3ff1714c82,-4.81640625,7.4765625,12.29296875,-12.29296875
SV1_0071,2e13354427e94b0d9f3b6170d869a4b5,1.8779296875,35.25,33.3720703125,-33.3720703125
SV1_0072,e24e06faeb984a7fbc54257e4d68bc00,-13.875,-16.71875,2.84375,-2.84375
SV1_0073,9a2e841c12eb46d39c4f893b28c4a021,4.47265625,2.587890625,1.884765625,-1.884765625
SV1_0074,499a906fca9e4415b18bb7f9c47deb41,-8.8828125,2.724609375,11.607421875,-11.607421875
SV1_0075,1668661c8ebc4004be4057cf26c0b68b,5.35546875,5.66015625,0.3046875,-0.3046875
SV1_0076,d1a41f56a3294267955eb74c464693ad,-5.765625,-3.095703125,2.669921875,-2.669921875
SV1_0077,67679e66380c427c83b0d3988e30658c,-0.81640625,-10.0859375,9.26953125,-9.26953125
SV1_0078,fde91c42002c4c22b4de5f7070f81dba,1.166015625,1.0546875,0.111328125,-0.111328125
SV1_0079,81555826caf2425f99f9f253ad77b7da,-2.9609375,2.6328125,5.59375,-5.59375
SV1_0080,abd53b72b04c4db7aa5747b5fe666a27,-3.654296875,6.265625,9.919921875,-9.919921875
SV1_0081,32c09010a5f04693a550132d4afbb7cf,-13.8984375,-8.265625,5.6328125,-5.6328125
SV1_0082,337abda610e744b98f4c3405aa41b4bd,-0.12249755859375,-3.072265625,2.94976806640625,-2.94976806640625
SV1_0083,226e009ea29c413a98d2cc9590ffc96c,-13.34375,-15.2265625,1.8828125,-1.8828125
SV1_0084,2eeaf8b3f3e5418aab0dbf1175770452,-7.42578125,-2.79296875,4.6328125,-4.6328125
SV1_0085,f767bb9d9cfd4383a72f8d3166ce2576,-15.421875,-10.8984375,4.5234375,-4.5234375
SV1_0086,112e38c0b8db49d9b18c108acbd54e3a,-0.228759765625,14.65625,14.885009765625,-14.885009765625
SV1_0087,9fe3cc4217a342e1b4f1cb4f577e18d6,-13.5546875,-9.8828125,3.671875,-3.671875
SV1_0088,f9f711ef29da416a810d4e43b8353f2e,-18.0,-2.318359375,15.681640625,-15.681640625
SV1_0089,e22fcefb5a7f41b68743f0ccd19d5dcb,-0.81982421875,-2.16796875,1.34814453125,-1.34814453125
SV1_0090,c5889b7afc734116b3184451604835f4,-7.703125,-3.0703125,4.6328125,-4.6328125
SV1_0091,35e3766346ac44c0a5a58c1da7a8776b,-9.625,-13.3359375,3.7109375,-3.7109375
SV1_0092,780d1edcab094010a5563f49735d7492,-26.5625,-10.2421875,16.3203125,-16.3203125
SV1_0093,4496f38ffec24107be01db917a4a3f38,-23.921875,-11.1953125,12.7265625,-12.7265625
SV1_0094,9afbc5728faa416789ed0cf48bc2645c,-15.6484375,-3.017578125,12.630859375,-12.630859375
SV1_0095,3b195af6790148d09aff2cd9538c4362,0.191162109375,7.73828125,7.547119140625,-7.547119140625
SV1_0096,33f286ea0a8942248ede206fdfb5e694,4.78515625,6.97265625,2.1875,-2.1875
SV1_0097,ee4dced9278c41048b7acd0239a9d46c,-16.046875,-13.546875,2.5,-2.5
SV1_0098,9caa3398661940c88097223feac90c4d,-14.3671875,-13.28125,1.0859375,-1.0859375
SV1_0099,5f17f5e3cd3349e7a597c66bad8fc6a4,-12.1953125,-12.7890625,0.59375,-0.59375
SV1_0100,80dc7a8e80cc4583aa10fe2fa1fdaf1f,-8.109375,12.5859375,20.6953125,-20.6953125
SV1_0101,e1ce7ed3cead4a599ce15d1d52f8b523,-3.01953125,1.7236328125,4.7431640625,-4.7431640625
SV1_0102,fd9c46e104914fb7afe8c2f813370b4f,9.9453125,0.410888671875,9.534423828125,-9.534423828125
SV1_0103,dea8984366a9413abbeadc524ec62d01,-8.2734375,-9.703125,1.4296875,-1.4296875
SV1_0104,35d3f19fb4b240e99560fdae2b324528,-11.125,17.859375,28.984375,-28.984375
SV1_0105,74674c641a0d405bacfbbe82b209e5a4,8.0625,1.3916015625,6.6708984375,-6.6708984375
SV1_0106,b868bf054a9646249eb32d8dae498253,-7.93359375,0.88232421875,8.81591796875,-8.81591796875
SV1_0107,912a3e56a0224db79d1cc88ce167339d,-2.484375,-5.62109375,3.13671875,-3.13671875
SV1_0108,ad34d7a013d54cb68d119290eb45c795,-1.587890625,-4.515625,2.927734375,-2.927734375
SV1_0109,a605051afd5c4bbabd29ebd6fd562c95,-2.498046875,0.71435546875,3.21240234375,-3.21240234375
SV1_0110,6c029d3ae0e44955a18cbdb52e4c970c,-5.3359375,4.51171875,9.84765625,-9.84765625
SV1_0111,9099fa3a34414fa991c030e0ee2b0520,-6.19140625,-1.3701171875,4.8212890625,-4.8212890625
SV1_0112,3d9b939efcbd4097aaf04b36e07f4846,-12.265625,-10.890625,1.375,-1.375
SV1_0113,76df54f37e104f0aa8b545f995df300e,6.02734375,4.30078125,1.7265625,-1.7265625
SV1_0114,978e48431313440db521b06303d4b652,-15.1796875,-12.9765625,2.203125,-2.203125
SV1_0115,5230dfbd555342fea889803e5913f9d3,-9.75,-12.265625,2.515625,-2.515625
SV1_0116,e46941ca0f8b405ea361898220f15b0d,0.415771484375,8.8203125,8.404541015625,-8.404541015625
SV1_0117,07e7171597f2475cbe6b22eaa6ae8516,-2.59375,6.5703125,9.1640625,-9.1640625
SV1_0118,8f7a64a53e794193854f6ac0ce92164c,0.1461181640625,-5.91015625,6.0562744140625,-6.0562744140625
SV1_0119,3cc2b637e9e24e03bdd8a5c4b4bc6e76,0.151123046875,40.125,39.973876953125,-39.973876953125
SV1_0120,e312e7dda6b84e239ef95050d4838cd3,-7.83984375,-1.5556640625,6.2841796875,-6.2841796875
SV1_0121,b80c5d84a68b46ca833e676bed6c8778,-4.5390625,-15.984375,11.4453125,-11.4453125
SV1_0122,545ae5b433f542d997f7f7ee08e5716b,-0.57177734375,2.634765625,3.20654296875,-3.20654296875
SV1_0123,20f9bfc99eb04058904d0a5069258881,-21.15625,-27.5,6.34375,-6.34375
SV1_0124,5f9276310bc84cd68c8e96a08111f5c9,3.119140625,-1.9931640625,5.1123046875,-5.1123046875
SV1_0125,f2b798c1ab17452da60e607df3970516,-10.84375,3.947265625,14.791015625,-14.791015625
SV1_0126,b80bd35c53da4fe0ba4309869f51e3d7,-0.9326171875,3.412109375,4.3447265625,-4.3447265625
SV1_0127,b971514ce7474fff920cd26a8890e552,-17.15625,0.30615234375,17.46240234375,-17.46240234375
SV1_0128,70732522fe7345898d277c275493b0fe,3.62890625,8.375,4.74609375,-4.74609375
SV1_0129,d6e23a7d3f444f5cbad0788e990482c6,10.7421875,15.5703125,4.828125,-4.828125
SV1_0130,39757c39c7dc497387952896a8fa573e,2.31640625,-1.9423828125,4.2587890625,-4.2587890625
SV1_0131,47b6a019f4284c1d9d3da278eb0be916,-8.90625,-8.8515625,0.0546875,-0.0546875
SV1_0132,d6fbd9cc5d8644358ac9e028f3b56a00,-18.890625,-2.587890625,16.302734375,-16.302734375
SV1_0133,14d099d02dfa475f8777d59f49824843,-6.37109375,-6.05078125,0.3203125,-0.3203125
SV1_0134,59682759813e4e05b045fc9e6cc97611,5.14453125,2.33984375,2.8046875,-2.8046875
SV1_0135,a868695e9302498083cd5f033908ea77,-2.439453125,0.351318359375,2.790771484375,-2.790771484375
SV1_0136,3fcb44d444d04c5386fb85ecbcee6126,-14.3046875,1.9091796875,16.2138671875,-16.2138671875
SV1_0137,15fe2162da5441ad808841bbc8544bc9,10.9453125,15.1328125,4.1875,-4.1875
SV1_0138,2481b814354245518f3605d7ae8617f2,-7.0703125,3.08984375,10.16015625,-10.16015625
SV1_0139,b8e557705e464f1ca16920d1b78cbafc,9.234375,15.6484375,6.4140625,-6.4140625
SV1_0140,a75072315a0f4b4796adb52877015833,-0.70166015625,13.1171875,13.81884765625,-13.81884765625
SV1_0141,2eb303f27de24638a93db87fb5ad88f6,-14.375,-9.34375,5.03125,-5.03125
SV1_0142,4c1da41ad0264b25857ec7146b9839a2,-15.90625,-12.65625,3.25,-3.25
SV1_0143,b41aa1ba209a484eb8b1a2493583b998,17.4375,12.484375,4.953125,-4.953125
SV1_0144,bb5d5991eb9048c78630e21a7d6a1187,0.6787109375,2.57421875,1.8955078125,-1.8955078125
SV1_0145,5b205aea02234af1a1a547091fc0c034,1.1650390625,14.0625,12.8974609375,-12.8974609375
SV1_0146,a62931cda59e4566b9b2c9699e6c3f01,1.828125,0.6923828125,1.1357421875,-1.1357421875
SV1_0147,93d72313cae7423a8ab5b09bfe22cb51,-13.5859375,-19.4375,5.8515625,-5.8515625
SV1_0148,6d8537bc2c99459ab628b49e87de1f9f,-1.130859375,-1.4443359375,0.3134765625,-0.3134765625
SV1_0149,7b928287cb4f4ad5bd2c23ad9b84a428,-2.6875,13.28125,15.96875,-15.96875
SV1_0150,edea2bb509d34c3aa2248c78f364f045,-10.3125,-6.04296875,4.26953125,-4.26953125
SV1_0151,feda630b0e3e45e0b3481de5f8d737f5,-0.1998291015625,1.970703125,2.1705322265625,-2.1705322265625
SV1_0152,82bd326fe08741d9bb546fa363c6eb1f,-10.546875,-13.1015625,2.5546875,-2.5546875
SV1_0153,ba683e1e98484928a9149284277f73b1,-14.3359375,-13.3984375,0.9375,-0.9375
SV1_0154,0ec4723c8d304e72a0277585dc22566e,1.1982421875,8.78125,7.5830078125,-7.5830078125
SV1_0155,5b57169fe45e48f485a419c82a967fef,-3.0390625,-0.87060546875,2.16845703125,-2.16845703125
SV1_0156,2e0bd9c89c4c456db41ad20983e9763b,-7.1328125,0.69091796875,7.82373046875,-7.82373046875
SV1_0157,80390816ec3744959260007521d6a3e1,-7.875,-5.546875,2.328125,-2.328125
SV1_0158,a3f2f9b3219e4438a06065ad2cb50195,0.473388671875,9.40625,8.932861328125,-8.932861328125
SV1_0159,fc760492020c40e78f1fc752e6f77608,-1.3720703125,-0.4052734375,0.966796875,-0.966796875
SV1_0160,bc8dbed119274beeb491ce908779d175,-15.8671875,-0.3759765625,15.4912109375,-15.4912109375
SV1_0161,7e91072cf6c44bd393d05253d45defdc,1.3515625,26.890625,25.5390625,-25.5390625
SV1_0162,8868b64498224d58bf49a81cd42aa238,-2.7578125,-9.859375,7.1015625,-7.1015625
SV1_0163,e21eb19b236843c1bd0a5f40113ebdde,-9.78125,-7.91015625,1.87109375,-1.87109375
SV1_0164,30ce4545c71f4f4d93744dbb4d62b8df,-8.25,-25.46875,17.21875,-17.21875
SV1_0165,2b86c446f0a4490792b63cd1f987db66,-27.65625,-10.953125,16.703125,-16.703125
SV1_0166,d1c76cf135d34e5b881fea11d36b06cd,-9.4140625,-4.6015625,4.8125,-4.8125
SV1_0167,170140192fa6407ab0c7ae1b9e07cdae,18.046875,3.453125,14.59375,-14.59375
SV1_0168,f4682c0a3d1947c790f1ad44f94e9fab,-12.125,-18.03125,5.90625,-5.90625
SV1_0169,dac7bffad55a4290830ca1a07946293c,-12.4609375,-17.859375,5.3984375,-5.3984375
SV1_0170,da18fb82c0704ce69a7fa241743e2acc,-10.1015625,-2.751953125,7.349609375,-7.349609375
SV1_0171,c4bd52fca133439fbdf8e42e993cf530,-9.078125,-9.515625,0.4375,-0.4375
SV1_0172,e8dcd9d65a524b68b90dfa3b28a5eb31,-4.52734375,6.1015625,10.62890625,-10.62890625
SV1_0173,22c72d7821c240a489504364e3eb6356,-0.389404296875,2.37109375,2.760498046875,-2.760498046875
SV1_0174,4eed3d0cd2464891bb29c10ad28afece,-1.2041015625,-4.51171875,3.3076171875,-3.3076171875
SV1_0175,af665b97e9c54f60ab39ec3772dddf02,-2.919921875,12.1015625,15.021484375,-15.021484375
SV1_0176,acd8e09080f140d896c640f3cca40335,-3.83203125,2.03125,5.86328125,-5.86328125
SV1_0177,93123514b3e74f4ea5c8faece5d0246c,6.71875,13.1953125,6.4765625,-6.4765625
SV1_0178,1431decf5c394844b8dc99bbc44d383c,-7.08984375,-1.224609375,5.865234375,-5.865234375
SV1_0179,16f6d4ef13f5416cb4fbe33096a63007,-11.640625,22.03125,33.671875,-33.671875
SV1_0180,25c8f48ba395444290f253e0252fea52,3.400390625,4.8515625,1.451171875,-1.451171875
SV1_0181,1c9dff1b21a2440abc002106a767e88e,-5.578125,0.273681640625,5.851806640625,-5.851806640625
SV1_0182,c9cb2d9d31974d12b34497d8567d1fc1,-4.75390625,-2.001953125,2.751953125,-2.751953125
SV1_0183,b339c522f8ea4690b3dd78607e47accc,-2.837890625,-5.625,2.787109375,-2.787109375
SV1_0184,0b26234e870b453e862383e4c9e5a999,-7.81640625,-0.75146484375,7.06494140625,-7.06494140625
SV1_0185,7f9eba73ff9e40dc919294ab9ebdf63c,-1.466796875,28.921875,30.388671875,-30.388671875
SV1_0186,56616c559a4e40bf9e66855f9ebb3687,-17.140625,-19.0625,1.921875,-1.921875
SV1_0187,83b8d70240f245b89dddfb066cb88a94,0.8359375,0.830078125,0.005859375,-0.005859375
SV1_0188,3bec3ace04884c1ab166ed170be9efe1,-10.8359375,26.046875,36.8828125,-36.8828125
SV1_0189,8372b28134f249d2a353b5f70e561474,-17.90625,-3.22265625,14.68359375,-14.68359375
SV1_0190,e9c8b90d205b4e0d9595c4c19e7654a1,-6.76953125,15.28125,22.05078125,-22.05078125
SV1_0191,91d63a3e3b994910b833bec7e934279c,-13.2734375,4.5703125,17.84375,-17.84375
SV1_0192,1bbcb748bb554fa3ae26651915f87768,-9.3515625,-1.078125,8.2734375,-8.2734375
SV1_0193,84f8f12470214bb4b8f70984dbcdbc8e,4.2421875,3.203125,1.0390625,-1.0390625
SV1_0194,17ca32180d9242fdbac933676c1cd1ee,-1.4443359375,20.890625,22.3349609375,-22.3349609375
SV1_0195,4a1908c374654182bef662821568d0a3,-1.8720703125,3.494140625,5.3662109375,-5.3662109375
SV1_0196,99e7526e45da4863ac17b6560a04a57e,3.923828125,12.125,8.201171875,-8.201171875
SV1_0197,7c1934f5dfbc4c87898922c4050738ef,-2.158203125,9.328125,11.486328125,-11.486328125
SV1_0198,70bcf2b982664280bb03896c515edd16,-3.830078125,-8.625,4.794921875,-4.794921875
SV1_0199,c82e27a310284c78834b033d84e1f69e,-20.90625,-11.34375,9.5625,-9.5625
SV1_0200,89279c2ef21c4400afa7c892097adb38,-1.9912109375,3.92578125,5.9169921875,-5.9169921875
SV1_0201,6e5948cea7b94e77b80f328488f4c7d2,-12.4140625,-2.140625,10.2734375,-10.2734375
SV1_0202,a4cabb49401d48739645f96111d017c2,-5.41015625,-14.828125,9.41796875,-9.41796875
SV1_0203,e58045ae470b44c6b9ab48f675ae546d,-2.72265625,-1.693359375,1.029296875,-1.029296875
SV1_0204,4b3841dfb2944b84a5b798895f7f516b,-9.2578125,-1.3125,7.9453125,-7.9453125
SV1_0205,560ec18d03ec4029bb6fc0d4b78aa330,-17.09375,-4.22265625,12.87109375,-12.87109375
SV1_0206,722a65d7abda468089779b54914b304b,-0.263916015625,9.890625,10.154541015625,-10.154541015625
SV1_0207,ecee61b37c574094b5aa7905c22fe8d5,-10.1796875,-1.677734375,8.501953125,-8.501953125
SV1_0208,6852f1f8c61d4145925f39420e534591,1.9755859375,3.330078125,1.3544921875,-1.3544921875
SV1_0209,758933b91f89404bbdf046232bba1b83,-7.50390625,11.3671875,18.87109375,-18.87109375
SV1_0210,0afdd692104c4f8bbde60620eaaa2da8,-14.9296875,-3.953125,10.9765625,-10.9765625
SV1_0211,8d17149e799a455388a800e3758c1fbe,1.1328125,0.951171875,0.181640625,-0.181640625
SV1_0212,0e3b3efb6a80429fa39a3d9758d17187,6.36328125,7.65625,1.29296875,-1.29296875
SV1_0213,a4b7ba13540f41c7811a9f226c9b05dc,-13.9609375,-16.0625,2.1015625,-2.1015625
SV1_0214,85b785157e9e41e68f576e1638f42dad,-3.595703125,3.994140625,7.58984375,-7.58984375
SV1_0215,c055d72801ca45a4a44f9cdb87a4b949,-2.66015625,7.34375,10.00390625,-10.00390625
SV1_0216,c321bb829ab246ad9f1c0b97c9b977f3,9.2890625,11.1640625,1.875,-1.875
SV1_0217,f74317f8bf6b4020b2a34e0f5e8991c5,-11.7578125,2.982421875,14.740234375,-14.740234375
SV1_0218,1f5e2f423e7e427ab42aead755f6fe33,-8.7890625,-0.026123046875,8.762939453125,-8.762939453125
SV1_0219,4d3596639e694dba80c51fc2cbf0556c,-14.9765625,-6.96484375,8.01171875,-8.01171875
SV1_0220,58ddccc9bb66440681f63daf01920812,-7.66796875,-2.908203125,4.759765625,-4.759765625
SV1_0221,da94456d2069457d942e0f3ecab29710,-10.515625,-10.3046875,0.2109375,-0.2109375
SV1_0222,f53bc9cbc82b442ba393efc770994641,-20.140625,-2.015625,18.125,-18.125
SV1_0223,91d5bfdd00eb45a9ab7c5618b12a8b02,2.94921875,0.03216552734375,2.91705322265625,-2.91705322265625
SV1_0224,13b912b193b24c9992f97b305ff2ccc1,-3.388671875,9.8984375,13.287109375,-13.287109375
SV1_0225,af92a2aef78b46a39644b00b46c462a7,-16.296875,-21.828125,5.53125,-5.53125
SV1_0226,4010d6a10e1e43e5b5d80a71c10b7f66,-14.9765625,-11.078125,3.8984375,-3.8984375
SV1_0227,aed8a3a249c647859c6a1dbec4f5a6ff,-11.3984375,9.7890625,21.1875,-21.1875
SV1_0228,8ba880f9bd7848d7babb37c9bef1883e,-1.5126953125,1.296875,2.8095703125,-2.8095703125
SV1_0229,f943ac89a45649e58ff0c0e0d7f47d84,-5.09765625,-7.4296875,2.33203125,-2.33203125
SV1_0230,f3d18917fa27412a9cd1400cc6701dde,-2.7578125,-10.2890625,7.53125,-7.53125
SV1_0231,04d89ec925e145bd832ba6be3a84c96e,1.7587890625,-25.546875,27.3056640625,-27.3056640625
SV1_0232,f99d40429f424da0a388474b08709011,-15.65625,0.521484375,16.177734375,-16.177734375
SV1_0233,d31a28521a65450983d0012149125fa8,-0.302001953125,1.0029296875,1.304931640625,-1.304931640625
SV1_0234,c5d899df113f440f93b96213b6684e19,-5.64453125,-8.5703125,2.92578125,-2.92578125
SV1_0235,eb50b164056441e2aeeda14fe1c147a1,-9.96875,-0.300537109375,9.668212890625,-9.668212890625
SV1_0236,9272d8b069824f6caf3cfe375ba9d9cb,3.923828125,3.302734375,0.62109375,-0.62109375
SV1_0237,26a785a0efbf42f2aaac85c60d97034a,4.109375,8.140625,4.03125,-4.03125
SV1_0238,3da15deef4a14f23a09af7af70f5a093,6.33984375,12.7890625,6.44921875,-6.44921875
SV1_0239,97f06ca0350c4794a781215841ed0d7d,14.8515625,4.37890625,10.47265625,-10.47265625
SV1_0240,39dd396e679e40ee9c26fb2f54846932,-27.65625,-2.95703125,24.69921875,-24.69921875
SV1_0241,00256416b908403cb3e072cb05fd35aa,-12.296875,-14.859375,2.5625,-2.5625
SV1_0242,f3fcde01684f48999b3f52494a045b13,-16.65625,-7.84375,8.8125,-8.8125
SV1_0243,6ea75c3573004a3dacbb35ba30806fe6,-18.421875,20.015625,38.4375,-38.4375
SV1_0244,bd250a31a7da421b99eeed6303f3ef3d,3.50390625,-3.689453125,7.193359375,-7.193359375
SV1_0245,4a14108112ef4bf08824dbbde2a2b60e,2.548828125,18.65625,16.107421875,-16.107421875
SV1_0246,1ebbfeb083904de5b9e9da0ed27826c7,-19.421875,-19.5625,0.140625,-0.140625
SV1_0247,34d74080e57b4ac0babdcbf69a39796b,-17.8125,-14.4453125,3.3671875,-3.3671875
SV1_0248,ce97c37b15fc412d99a5277600b532f9,-7.3828125,-20.078125,12.6953125,-12.6953125
SV1_0249,0c916c0770564acebe8bf9072d4146af,-4.828125,0.58251953125,5.41064453125,-5.41064453125
SV1_0250,b156efbae6c64bc0a1d23b23f8a84710,-3.431640625,-1.4189453125,2.0126953125,-2.0126953125
SV1_0251,bc2f2fa6a3da45d99911820b9f2e8038,-6.015625,-1.9892578125,4.0263671875,-4.0263671875
SV1_0252,7ae60ed645d447f5bff4eda7a2ac097f,-2.80859375,-12.6484375,9.83984375,-9.83984375
SV1_0253,4bffe66a913044b0be7d529b40b63e78,-11.0078125,-15.1171875,4.109375,-4.109375
SV1_0254,71ca736a85e9499bbbd1db0ae406d8c3,3.9609375,0.80810546875,3.15283203125,-3.15283203125
SV1_0255,9898d347a6724a46827e01e4fa95eb13,-7.30078125,-6.1328125,1.16796875,-1.16796875
SV1_0256,0e598145c16f4dcd8e956b546b725af2,-11.8359375,10.4296875,22.265625,-22.265625
SV1_0257,944c5aa868b84a61a80d50e17649da9f,-13.8828125,-3.609375,10.2734375,-10.2734375
SV1_0258,17ef76af20ee477184bcf39adea4c4b7,-12.3203125,-3.0078125,9.3125,-9.3125
SV1_0259,32fd73c508944176be99df69bcd49975,-3.48046875,-0.354248046875,3.126220703125,-3.126220703125
SV1_0260,a542f57c752543509aa3f29ee38b643f,-20.609375,-13.265625,7.34375,-7.34375
SV1_0261,d92d835e33374cb491d2db8e98485b0b,0.88427734375,-1.2724609375,2.15673828125,-2.15673828125
SV1_0262,45e94783fb9a4c95babe74a1aeac1d6d,-13.6875,0.74267578125,14.43017578125,-14.43017578125
SV1_0263,f1f62a2240864abeb14d14ecc62552de,0.71728515625,5.125,4.40771484375,-4.40771484375
SV1_0264,0b8e394f3413464f9132543a1ed79d49,-7.30078125,-6.16015625,1.140625,-1.140625
SV1_0265,bc6965e7bdfb4e2f8f7a9bd510e68719,6.9140625,13.734375,6.8203125,-6.8203125
SV1_0266,ddc639b6f94e4622a942430192ad87d6,-15.390625,-20.6875,5.296875,-5.296875
SV1_0267,60c93a311fc84662953b08b871ee2c19,-11.375,8.515625,19.890625,-19.890625
SV1_0268,9feb5eb133b44c1d9836431221910b11,-7.87109375,0.71533203125,8.58642578125,-8.58642578125
SV1_0269,b9a6fca3c5514e0daeba23a251b02e90,-5.6171875,8.984375,14.6015625,-14.6015625
SV1_0270,8bfa0f3582904913a61bc863e08ef0a0,-9.0,-7.6171875,1.3828125,-1.3828125
SV1_0271,4810fbe09f15472a8e44208c4fca8413,-1.6865234375,-5.55859375,3.8720703125,-3.8720703125
SV1_0272,9281f20a405041bd963f8c4f0d4fb0ba,-3.59375,-0.86083984375,2.73291015625,-2.73291015625
SV1_0273,01195a42503f492ebbdcd4927a2b3b11,5.41015625,0.80810546875,4.60205078125,-4.60205078125
SV1_0274,7dbb1636dc0644bd97f5795c13f73b5b,-11.3125,-4.078125,7.234375,-7.234375
SV1_0275,697eedee905d4ad9af38a26a3a8613d5,0.8603515625,5.8046875,4.9443359375,-4.9443359375
SV1_0276,2b443d3668ec40409bd478bf4a1df5c2,2.259765625,32.8125,30.552734375,-30.552734375
SV1_0277,69810da7113c468aa8c2a8d222ccb1d9,4.00390625,27.25,23.24609375,-23.24609375
SV1_0278,51b63d484b53460eb65d54b6f6f4345c,11.4140625,15.953125,4.5390625,-4.5390625
SV1_0279,1386e2cfab124cf6ade3e2861d6b3ea6,2.37109375,-6.390625,8.76171875,-8.76171875
SV1_0280,9fa29b474810495dad6620ad5cdef289,4.00390625,2.5546875,1.44921875,-1.44921875
SV1_0281,23763f57852c42ceb3377b9ee60587ef,-17.09375,-17.90625,0.8125,-0.8125
SV1_0282,b79007527bfd4c74a441e11e3ee1db8e,-6.4921875,-5.7265625,0.765625,-0.765625
SV1_0283,8830339681a84afc9cab90fd3c9e7384,-1.2880859375,23.65625,24.9443359375,-24.9443359375
SV1_0284,7dc0853b417345c2ba85d5e4233fe2e4,-3.091796875,6.58984375,9.681640625,-9.681640625
SV1_0285,43d107a6656b49f9859f6cb15d4f7d6d,-1.71484375,5.73828125,7.453125,-7.453125
SV1_0286,cebe089574f74cc88994226fa90b723c,-19.140625,-2.94921875,16.19140625,-16.19140625
SV1_0287,a498b843a35b4a29b53f629d1bcc4916,-11.4140625,-19.234375,7.8203125,-7.8203125
SV1_0288,f47bdf67a09e4e74880e015e2261b15c,-0.06549072265625,17.078125,17.14361572265625,-17.14361572265625
SV1_0289,0c4221c710574c078d7ca7ff2113c8b4,-1.4453125,6.36328125,7.80859375,-7.80859375
SV1_0290,44d18524cf0e4567882d7fc1be3074f8,-5.72265625,-1.375,4.34765625,-4.34765625
SV1_0291,e4b06dd4483643999c914dd989b48984,-5.8515625,7.859375,13.7109375,-13.7109375
SV1_0292,da0a77f9bdc24b9799dfe4e26b246d1e,1.189453125,4.49609375,3.306640625,-3.306640625
SV1_0293,1e8ffc9221914a12b55815f32d8b43dc,-2.931640625,12.3984375,15.330078125,-15.330078125
SV1_0294,ddddf45c58e14d258502fc957b30ac8f,-11.578125,0.57470703125,12.15283203125,-12.15283203125
SV1_0295,2c7f41e3cd334851aa2efa997d381def,3.830078125,-11.8203125,15.650390625,-15.650390625
SV1_0296,cd0df349d57c448ca011c0751c1f00f3,-10.6484375,35.40625,46.0546875,-46.0546875
SV1_0297,b9dfbde3dd3043f3b6d1bd2e40442046,5.34375,18.421875,13.078125,-13.078125
SV1_0298,2f3da5d6b66945ed97456921d5f49072,6.25,21.203125,14.953125,-14.953125
SV1_0299,daf4a4fe98c34e50b1142c5d83988598,-2.68359375,7.26953125,9.953125,-9.953125
SV1_0300,4609c3ea5b69414485cb4eb6edd1c27c,-10.0234375,-17.640625,7.6171875,-7.6171875
SV1_0301,4bdbc5f1f16f4d6d8e5cc1f7cca3cd74,-5.99609375,-6.1484375,0.15234375,-0.15234375
SV1_0302,e2e7053d4af2490a8c90981419dfecf1,-25.71875,-26.375,0.65625,-0.65625
SV1_0303,cbacd83e8bc94047a3a25f25c126c5ce,17.734375,28.3125,10.578125,-10.578125
SV1_0304,7a166f51278149fb87bedbd8e1161b3b,-15.4765625,2.29296875,17.76953125,-17.76953125
SV1_0305,1129d2d7051743fbb2341873b9e9a2ab,-18.421875,-0.50390625,17.91796875,-17.91796875
SV1_0306,6412156953004242a718f5ccf3ac525d,-8.5859375,-8.8671875,0.28125,-0.28125
SV1_0307,d1ff71672be64e1b8d84100ba978de59,-15.3203125,-18.890625,3.5703125,-3.5703125
SV1_0308,d1f2151b85cb4c2fa11c3ecff804e703,-8.421875,8.859375,17.28125,-17.28125
SV1_0309,0e35e087068141818ae470b7e2837160,1.9931640625,17.734375,15.7412109375,-15.7412109375
SV1_0310,099d979dbca847238e07469bdcc57f10,-1.4287109375,2.951171875,4.3798828125,-4.3798828125
SV1_0311,eb687d9487c246af9e51f841d0a168e2,-6.79296875,-1.8740234375,4.9189453125,-4.9189453125
SV1_0312,f3e42a7bf17946bf8be0bb4e117359ed,-11.8203125,0.361572265625,12.181884765625,-12.181884765625
SV1_0313,b72423d687d5492ca64e2b2dc97e4828,-9.2578125,-2.16015625,7.09765625,-7.09765625
SV1_0314,7fb592b3ee4e47099baed031ae94da63,16.03125,21.9375,5.90625,-5.90625
SV1_0315,60d571c6ecfa4001b597766a0dd00c5c,0.94287109375,2.53125,1.58837890625,-1.58837890625
SV1_0316,7a5e180c5f1d47a289ffc756c0df69a8,-12.3984375,-7.6640625,4.734375,-4.734375
SV1_0317,16ce0cd53b7e413eb332889f5768392c,-5.34375,-2.89453125,2.44921875,-2.44921875
SV1_0318,0aa984c2c76d4cb89be868d2842be9a4,-2.751953125,7.42578125,10.177734375,-10.177734375
SV1_0319,265db70a631e453d81414bdda149f65b,-9.625,-5.171875,4.453125,-4.453125
SV1_0320,25c47012f3db47c983b3b94689bc22f5,-23.875,-1.8876953125,21.9873046875,-21.9873046875
SV1_0321,6f26abd7c48e408e9c71cfb5d0f5e74c,7.9921875,7.6484375,0.34375,-0.34375
SV1_0322,a639e3727e5a47e2bbff7bcab06ba671,-7.93359375,-7.3671875,0.56640625,-0.56640625
SV1_0323,ec752e0fa83d4350be19a8ad47162732,-16.546875,-9.859375,6.6875,-6.6875
SV1_0324,24a91d90365e4763a3d14b3e5588af99,-2.947265625,-13.25,10.302734375,-10.302734375
SV1_0325,146af64c413e4654a604ec90f9f0797b,1.103515625,7.1875,6.083984375,-6.083984375
SV1_0326,06617f95eba14fa89f19f85b4d330569,-8.1015625,-8.453125,0.3515625,-0.3515625
SV1_0327,9df99f35205b4a1fa03fd098648f4293,-8.90625,-0.45166015625,8.45458984375,-8.45458984375
SV1_0328,d16ec9386a9e4c67890a6d2266b67f4e,-6.296875,1.9697265625,8.2666015625,-8.2666015625
SV1_0329,a31a059857c3456d99007114010bb0c9,-11.3515625,18.53125,29.8828125,-29.8828125
SV1_0330,c047e2fb6b284b47b813d969b7a468dd,-15.5859375,15.1015625,30.6875,-30.6875
SV1_0331,e88061ff2b9b4d60b9ef4038be3e4b9d,-10.1796875,23.015625,33.1953125,-33.1953125
SV1_0332,060b61297f23424ebaf0c058bab2beb8,-9.78125,-0.85009765625,8.93115234375,-8.93115234375
SV1_0333,4524fe89225f46918ec98acd7ac1af75,-24.453125,-2.625,21.828125,-21.828125
SV1_0334,478141fd729f4472ac4179829787f16d,-4.7578125,-2.060546875,2.697265625,-2.697265625
SV1_0335,ed632454376146d886bd49c70b83e34e,-7.08984375,-5.22265625,1.8671875,-1.8671875
SV1_0336,f34115e3adcf497f8bb740791c1e9a97,-15.0625,-15.9140625,0.8515625,-0.8515625
SV1_0337,e0969d73f98c4d418a197613b2a1b80d,-0.441162109375,23.53125,23.972412109375,-23.972412109375
SV1_0338,3db87d1532d84ff9b9c048829b40bb90,-3.23046875,-1.0712890625,2.1591796875,-2.1591796875
SV1_0339,a2263c379edb47c7957ec479b8c8b76e,-11.7109375,-2.380859375,9.330078125,-9.330078125
SV1_0340,5794bcb3dd3342659919430eeb5fff11,-14.546875,-16.28125,1.734375,-1.734375
SV1_0341,b7f4a7b36d7147d59c296141512e37f7,-5.8203125,-6.0234375,0.203125,-0.203125
SV1_0342,7c433c8bb83d4c8fb15a7b4c5d2fbe3a,-8.65625,-7.53125,1.125,-1.125
SV1_0343,058275ab5ef443859a3fdfdb83dec228,0.32177734375,-13.453125,13.77490234375,-13.77490234375
SV1_0344,05bd0f25241a48ffa230cb61b40a5f4f,-2.078125,10.9140625,12.9921875,-12.9921875
SV1_0345,3914933f1def41b38090bfe39c4a6cbe,-7.48828125,-10.890625,3.40234375,-3.40234375
SV1_0346,eeeed1db76bb4ee5b3766770c6724e12,-0.454833984375,5.203125,5.657958984375,-5.657958984375
SV1_0347,e03689be45eb4db8bb3bcda978818493,-22.5625,-13.375,9.1875,-9.1875
SV1_0348,fe897efbf7df4142ba8080184792f870,-3.474609375,-16.921875,13.447265625,-13.447265625
SV1_0349,dc01d070ea4f422dbe9b8ce08a7373c2,1.337890625,4.58203125,3.244140625,-3.244140625
SV1_0350,8bcd18c2d155481c838f643d91288a43,2.158203125,35.15625,32.998046875,-32.998046875
SV1_0351,e7db582e818b41c49179454225b2bc67,-2.27734375,12.203125,14.48046875,-14.48046875
SV1_0352,72cdbc01a7144772909f02aa728934eb,-14.6015625,-9.390625,5.2109375,-5.2109375
SV1_0353,bc507e410d924a1981b70e52a9191a97,-7.89453125,12.328125,20.22265625,-20.22265625
SV1_0354,f5fd146d03cb408dbb279e63a1284679,-9.8828125,-16.359375,6.4765625,-6.4765625
SV1_0355,b1382f469e564c669855d52b3ec8588a,-1.2333984375,4.375,5.6083984375,-5.6083984375
SV1_0356,22b19ba2c7a7417cb426f2723ad0e89a,-13.3203125,14.9921875,28.3125,-28.3125
SV1_0357,65ed31dfc4144f8883e785e9390073a7,1.34765625,0.42919921875,0.91845703125,-0.91845703125
SV1_0358,d7aa0f8359f6464dbfce50b36151bd93,-10.1953125,-14.640625,4.4453125,-4.4453125
SV1_0359,698c1ae685b2441b9dbe70aa48644d90,-22.359375,16.84375,39.203125,-39.203125
SV1_0360,fbbbcab0f78c46fcb227e98208e32281,-13.640625,-13.6640625,0.0234375,-0.0234375
SV1_0361,942114d7ddb44a76b7d2d6f682140def,-2.984375,-5.1875,2.203125,-2.203125
SV1_0362,9fd960ed3998418c88eaac063d288b0e,-0.040771484375,-8.7109375,8.670166015625,-8.670166015625
SV1_0363,9c60e8a0356f40bda23275c03072a613,-9.796875,2.0703125,11.8671875,-11.8671875
SV1_0364,59115702b36c4ae292d0e56f905ccbea,-16.53125,-14.3828125,2.1484375,-2.1484375
SV1_0365,184730ad14db491cae9ce15fb28d0470,-17.65625,-16.390625,1.265625,-1.265625
SV1_0366,2275c9a9bf374c058293eafa642043f1,-7.42578125,12.375,19.80078125,-19.80078125
SV1_0367,9194821ee11b40d486379f04d9ee7dc9,-14.8828125,0.5263671875,15.4091796875,-15.4091796875
SV1_0368,bc73298b04e14c41b5ae9559e94e864b,24.625,9.9296875,14.6953125,-14.6953125
SV1_0369,e66c640fd045471aa6668143923825f9,-22.125,17.515625,39.640625,-39.640625
SV1_0370,5329d3263eb849c1b904ce8562fcf4b6,-10.15625,1.884765625,12.041015625,-12.041015625
SV1_0371,fb924354f34d4b13a065f5cf25c978b5,-22.390625,-17.453125,4.9375,-4.9375
SV1_0372,6bc7d80b0f534361a3202c3a236f470b,-1.1484375,4.03515625,5.18359375,-5.18359375
SV1_0373,f0708f88ebc947e7b0cacb3f2b8fa602,-4.57421875,-7.7109375,3.13671875,-3.13671875
SV1_0374,ff5b87b0f56c475aa4dcc5b63fe6652b,-7.5390625,-3.826171875,3.712890625,-3.712890625
SV1_0375,1ecb3986755843909bff74932462a03e,5.546875,7.1484375,1.6015625,-1.6015625
SV1_0376,2c6e8855b6924fac9398b62a004a5f16,-19.4375,11.046875,30.484375,-30.484375
SV1_0377,1d6cebf01847463baf234e54c97cffb5,-12.3984375,-10.2578125,2.140625,-2.140625
SV1_0378,d8326c24198b4ab0af5acb0790f996bd,1.263671875,1.6953125,0.431640625,-0.431640625
SV1_0379,7c3a8cc5c5194900aff7fb11c10ab1d7,0.173828125,3.259765625,3.0859375,-3.0859375
SV1_0380,96cdb8997b634615b14a52c8ad89b28e,-5.00390625,15.609375,20.61328125,-20.61328125
SV1_0381,2d1ef4c169c447bb9f8241fd378eba4a,-3.2578125,-0.394287109375,2.863525390625,-2.863525390625
SV1_0382,f2ea9ead6bfc4917abdb81a781852167,-2.2890625,-4.484375,2.1953125,-2.1953125
SV1_0383,a17860de534744539ee2591c8c4ef972,-4.8515625,9.2421875,14.09375,-14.09375
SV1_0384,4b6d69da805a4e22b4e16631e0478b52,6.62109375,5.5625,1.05859375,-1.05859375
SV1_0385,d93bdc8cb3194743b5571f13cb67a719,8.875,26.03125,17.15625,-17.15625
SV1_0386,8476e7bb2d354e0581c42d8c64d27fc2,-7.2109375,0.2342529296875,7.4451904296875,-7.4451904296875
SV1_0387,3f3c7d6985434fc697c73535a2606bac,3.63671875,10.59375,6.95703125,-6.95703125
SV1_0388,69671d8276cb4c7b80f7afaf0c46baf3,6.6484375,9.5703125,2.921875,-2.921875
SV1_0389,a9ceb0fb05be43e4bbaa800f8834f6f2,-2.87109375,-0.822265625,2.048828125,-2.048828125
SV1_0390,9fe749cb205e49e49d563adb022df0b2,-11.7578125,-1.541015625,10.216796875,-10.216796875
SV1_0391,ceb9b3f4ed854b4f9ca12ce195354049,-10.5546875,9.2265625,19.78125,-19.78125
SV1_0392,3135c4aed27046bcb8504574ded74398,2.701171875,5.5625,2.861328125,-2.861328125
SV1_0393,16512dba15084185ad2d194fa31f19c9,-22.359375,29.0,51.359375,-51.359375
SV1_0394,813ffaf1a7f3493483f3cea252ec2c3f,-22.484375,-1.6103515625,20.8740234375,-20.8740234375
SV1_0395,05fbac0ea0524bcbbbb69625212a9e3e,-15.703125,-16.21875,0.515625,-0.515625
SV1_0396,fb4d34e7833c4dc79219af6fafce18ab,-15.3671875,15.859375,31.2265625,-31.2265625
SV1_0397,29425314120c48f2bb424fd1eeef23bd,-3.0703125,1.4970703125,4.5673828125,-4.5673828125
SV1_0398,0862a75f22224642b21811c87d908fb6,-2.72265625,0.93701171875,3.65966796875,-3.65966796875
SV1_0399,6efddf36c79648419f0a2747ef9a172b,5.87109375,2.224609375,3.646484375,-3.646484375
SV1_0400,3f89952311154e12bc596bf0d3c6aab0,-14.234375,-0.685546875,13.548828125,-13.548828125
